"","id","anxi","dep","edu"
"1","a",0.312723211291054,1.08626636179101,"PhD"
"2","b",0.764420579216255,0.578388807144124,"BSc"
"3","c",0.69506414030064,-0.788891960685913,"MSc"
"4","d",-0.293609898637935,-0.828800131427789,"PhD"
"5","e",-0.314403904461295,0.271469021228718,"BSc"
